"","year","era","jan_flow","feb_flow","mar_flow","apr_flow","may_flow","jun_flow","jul_flow","aug_flow","sep_flow","oct_flow","nov_flow","dec_flow","sep_oct_flow","sep_nov_flow","MBL_max_wc_mm","MBL_jday_of_max","SDA_max_wc_mm","SDA_jday_of_max","BXC_max_wc_mm","BXC_jday_of_max","MBV_max_wc_mm","MBV_jday_of_max","SGN_max_wc_mm","SGN_jday_of_max","FJN_max_wc_mm","FJN_jday_of_max","FCC_max_wc_mm","FCC_jday_of_max","SCK_max_wc_mm","SCK_jday_of_max","CAL_max_wc_mm","CAL_jday_of_max","MB3_max_wc_mm","MB3_jday_of_max","LOG_max_wc_mm","LOG_jday_of_max","SCT_max_wc_mm","SCT_jday_of_max","QTZ_max_wc_mm","QTZ_jday_of_max","DYM_max_wc_mm","DYM_jday_of_max","ETN_max_wc_mm","ETN_jday_of_max","SNB_max_wc_mm","SNB_jday_of_max","CHA_max_wc_mm","CHA_jday_of_max","SWJ_max_wc_mm","SWJ_jday_of_max","DDC_max_wc_mm","DDC_jday_of_max","SRU_max_wc_mm","SRU_jday_of_max","US1CASK0001_oct_apr_mm","US1CASK0001_jday_of_median","US1CASK0002_oct_apr_mm","US1CASK0002_jday_of_median","US1CASK0004_oct_apr_mm","US1CASK0004_jday_of_median","US1CASK0005_oct_apr_mm","US1CASK0005_jday_of_median","US1CASK0026_oct_apr_mm","US1CASK0026_jday_of_median","USC00041316_oct_apr_mm","USC00041316_jday_of_median","USC00042899_oct_apr_mm","USC00042899_jday_of_median","USC00043176_oct_apr_mm","USC00043176_jday_of_median","USC00043182_oct_apr_mm","USC00043182_jday_of_median","USC00043614_oct_apr_mm","USC00043614_jday_of_median","USC00048025_oct_apr_mm","USC00048025_jday_of_median","USC00049866_oct_apr_mm","USC00049866_jday_of_median","USR0000CBLQ_oct_apr_mm","USR0000CBLQ_jday_of_median","USR0000CBZE_oct_apr_mm","USR0000CBZE_jday_of_median","USR0000CCAL_oct_apr_mm","USR0000CCAL_jday_of_median","USR0000CCOL_oct_apr_mm","USR0000CCOL_jday_of_median","USR0000CQUA_oct_apr_mm","USR0000CQUA_jday_of_median","interp_cal_fj_oct_apr_mm","interp_cal_fj_jday_of_median","et0_oct_apr","wy_day_exceed_10_cfs","wy_day_exceed_20_cfs","wy_day_exceed_40_cfs","wy_day_exceed_50_cfs","wy_day_exceed_75_cfs","wy_day_exceed_100_cfs","cum_ppt_on_first_day_qspill","min_30day_flow_jul_dec_cal_yr","min_30day_flow_jday","min_fall_flow","dwr_wyt","dwr_wyt_lag1","dwr_wyt_col","dwr_wyt_lag1_col","aprWL_415635N1228315W001","aprWL_416295N1228926W001","springWL_415635N1228315W001","springWL_416295N1228926W001","SWJ_max_wc_mm_last_year","USC00043182_oct_apr_mm_last_year","springWL_416295N1228926W001_last_year","springWL_415635N1228315W001_last_year"
"1",1942,1,87646039.7511518,101366422.48129,46210875.3578538,57631479.2423552,96669001.8604151,77639555.1993929,22290728.789994,6796580.46082793,4978776.54347906,5047280.59420015,45197994.0364777,108407660.266121,10026057.1376792,55224051.1741569,NA,NA,NA,NA,NA,NA,NA,NA,NA,NA,NA,NA,NA,NA,NA,NA,NA,NA,NA,NA,NA,NA,NA,NA,NA,NA,NA,NA,NA,NA,NA,NA,NA,NA,NA,NA,NA,NA,NA,NA,NA,NA,NA,NA,NA,NA,NA,NA,NA,NA,NA,NA,NA,NA,NA,NA,443,79,NA,NA,NA,NA,440.2,79,NA,NA,NA,NA,NA,NA,NA,NA,NA,NA,391.382936224517,79,NA,0,0,0,0,64,69,NA,NA,NA,NA,"Wet",5,"dodgerblue",NA,NA,NA,NA,NA,NA,NA,NA,NA
"2",1943,1,135525478.058712,96223725.530728,92201559.1241041,112371108.914984,68281412.5562443,49562680.696707,17749888.8564819,7019218.62567146,4751245.23215545,6052822.19585612,12286690.8114751,10412615.7096053,10804067.4280116,23090758.2394867,NA,NA,NA,NA,NA,NA,NA,NA,NA,NA,NA,NA,NA,NA,NA,NA,NA,NA,NA,NA,NA,NA,NA,NA,NA,NA,NA,NA,NA,NA,NA,NA,NA,NA,NA,NA,NA,NA,NA,NA,NA,NA,NA,NA,NA,NA,NA,NA,NA,NA,NA,NA,NA,NA,NA,NA,552.7,88,NA,NA,NA,NA,470.4,84,NA,NA,NA,NA,NA,NA,NA,NA,NA,NA,468.478897269465,87,NA,0,0,0,0,53,54,66.15,4340220.92782892,95,4340220.92782892,"Wet",3,"dodgerblue",NA,NA,NA,NA,NA,NA,443,NA,NA
"3",1944,1,12245099.0663944,17598201.3155995,30428031.3863632,28593101.456334,48261103.7330064,24394781.7764274,8714693.88101839,5678496.49013017,3569550.35721668,3503492.87973563,11261576.6238988,17686277.9522409,7073043.23695232,18334619.8608511,NA,NA,NA,NA,NA,NA,NA,NA,NA,NA,NA,NA,NA,NA,NA,NA,NA,NA,NA,NA,NA,NA,NA,NA,NA,NA,NA,NA,NA,NA,NA,NA,NA,NA,NA,NA,NA,NA,NA,NA,NA,NA,NA,NA,NA,NA,NA,NA,NA,NA,253.4,94,NA,NA,NA,NA,304.6,94,290.9,96,632.3,97,241.9,93,NA,NA,NA,NA,NA,NA,NA,NA,NA,NA,279,94,NA,0,0,0,0,63,63,53.5,3373824.49801358,96,3373824.49801358,"Below Normal",3,"goldenrod",NA,NA,NA,NA,NA,NA,552.7,NA,NA
"4",1945,1,27413853.1546353,69808074.2580285,30437817.6793233,49457478.0473854,92955103.6820361,39822872.6281124,10079881.7489601,5306617.35764427,3792188.52206022,6118879.67333717,21500485.6334614,82256238.9033462,9911068.19539738,31411553.8288588,NA,NA,NA,NA,NA,NA,NA,NA,NA,NA,NA,NA,NA,NA,NA,NA,NA,NA,NA,NA,NA,NA,NA,NA,NA,NA,NA,NA,NA,NA,NA,NA,NA,NA,NA,NA,NA,NA,NA,NA,NA,NA,NA,NA,NA,NA,NA,NA,NA,NA,303.6,103,NA,NA,NA,NA,309.3,99,299,83,926.1,52,267,110,NA,NA,NA,NA,NA,NA,NA,NA,NA,NA,308.743508371131,107,NA,0,0,0,0,59,59,69.3148442449167,3638054.40793777,87,3638054.40793777,"Below Normal",5,"goldenrod",NA,NA,NA,NA,NA,NA,304.6,NA,NA
"5",1946,1,95144786.7318709,40260809.2380793,60195487.9979159,80771168.9466426,103093703.188757,49132083.8064602,14354045.1993079,7095062.39611267,4709653.48707479,5245453.0266433,24162357.3186237,22124361.8096713,9955106.51371808,34117463.8323418,833.12,103,NA,NA,NA,NA,NA,NA,NA,NA,NA,NA,NA,NA,NA,NA,NA,NA,NA,NA,NA,NA,NA,NA,NA,NA,NA,NA,NA,NA,NA,NA,NA,NA,NA,NA,NA,NA,NA,NA,NA,NA,NA,NA,NA,NA,NA,NA,NA,NA,532.8,59,NA,NA,NA,NA,436.5,85,495.2,85,1109.8,87,391.4,89,NA,NA,NA,NA,NA,NA,NA,NA,NA,NA,486.014844244917,83,NA,0,0,0,0,52,78,67,4499248.18843145,97,4499248.18843145,"Wet",4,"dodgerblue",NA,NA,NA,NA,NA,NA,309.3,NA,NA
"6",1947,1,15376712.8136442,36590949.378021,46807839.2284233,46866556.9861842,39747028.8576712,20069240.2880387,6106646.80713697,3978128.08830317,3004391.93876771,10923949.5167735,11471981.9225422,8746499.33313889,13928341.4555412,25400323.3780833,599.44,91,NA,NA,NA,NA,NA,NA,NA,NA,NA,NA,NA,NA,NA,NA,NA,NA,NA,NA,NA,NA,NA,NA,NA,NA,NA,NA,NA,NA,NA,NA,NA,NA,NA,NA,NA,NA,NA,NA,NA,NA,NA,NA,NA,NA,NA,NA,NA,NA,431.8,121,NA,NA,NA,NA,346.3,65,366.9,93,764.3,118,235.1,70,NA,NA,NA,NA,NA,NA,NA,NA,NA,NA,392.064935439512,118,NA,0,0,0,42,45,45,51.7,2916315.30212631,85,2916315.30212631,"Above Normal",5,"green3",NA,NA,NA,NA,NA,NA,436.5,NA,NA
"7",1948,1,93897034.3794511,25967928.3697724,23805157.625578,51020838.3477702,91061455.994246,90635752.2504793,16861782.7703478,6671805.22558594,5578186.98728858,6850405.07210878,10256035.0222429,22439969.7576363,12428592.0593974,22684627.0816402,731.52,126,NA,NA,NA,NA,NA,NA,NA,NA,NA,NA,NA,NA,NA,NA,NA,NA,599.44,126,NA,NA,NA,NA,NA,NA,NA,NA,NA,NA,NA,NA,NA,NA,NA,NA,NA,NA,NA,NA,NA,NA,NA,NA,NA,NA,NA,NA,NA,NA,363.4,99,NA,NA,NA,NA,404.9,96,461.1,97,1006.1,98,381,98,NA,NA,NA,NA,NA,NA,NA,NA,NA,NA,390.020655759131,98,NA,0,0,0,0,0,41,75.95,5568400.69432843,79,5568400.69432843,"Wet",3,"dodgerblue",NA,NA,NA,NA,NA,NA,346.3,NA,NA
"8",1949,1,12457950.9382778,26168547.3754555,47309386.7426313,83501544.682526,99237903.7624559,32664199.3277587,7799675.48924386,4540839.93351211,3263728.70221183,3616035.24877742,6282800.08041977,7158673.30035368,6879763.95098925,13162564.031409,955.04,88,NA,NA,NA,NA,NA,NA,NA,NA,NA,NA,NA,NA,NA,NA,NA,NA,797.56,88,NA,NA,NA,NA,NA,NA,NA,NA,NA,NA,NA,NA,NA,NA,NA,NA,NA,NA,NA,NA,NA,NA,NA,NA,NA,NA,NA,NA,NA,NA,322.7,73,401.6,72,210.3,67,305.3,68,334.9,67,764.2,75,245,68,NA,NA,NA,NA,NA,NA,NA,NA,NA,NA,314,73,NA,0,0,0,7,70,88,61.8,3249049.26277159,83,3249049.26277159,"Below Normal",2,"goldenrod",NA,NA,NA,NA,NA,NA,404.9,NA,NA
"9",1950,1,39507264.6801474,43443801.0233699,85855148.1394433,82143696.5343044,85769518.076042,48968163.3993776,11014472.7266549,5406926.86048586,3882711.73194166,53540808.7850102,76068855.1792879,155323148.717106,57423520.5169519,133492375.69624,629.92,91,NA,NA,NA,NA,NA,NA,NA,NA,NA,NA,NA,NA,NA,NA,NA,NA,604.52,91,NA,NA,NA,NA,NA,NA,NA,NA,NA,NA,NA,NA,NA,NA,NA,NA,NA,NA,NA,NA,NA,NA,NA,NA,NA,NA,NA,NA,NA,NA,282.8,110,449.4,107,199.6,125,384.7,110,358.4,113,910.1,110,268.6,106,NA,NA,NA,NA,NA,NA,NA,NA,NA,NA,336.051422064003,110,NA,0,0,0,0,36,38,99.85,3863139.14602135,79,3863139.14602135,"Dry",5,"orangered",NA,NA,NA,NA,NA,NA,305.3,NA,NA
"10",1951,1,82231773.1709458,165677046.668951,58923269.9130957,94371669.5880186,79369282.4801003,38154309.6784059,12286690.8114751,5561060.97460831,4188533.38694651,6282800.08041977,18376211.6059318,79694676.7210255,10471333.4673663,28847545.0732981,614.68,89,NA,NA,NA,NA,1013.46,88,NA,NA,NA,NA,NA,NA,NA,NA,NA,NA,543.56,59,655.32,92,NA,NA,NA,NA,NA,NA,802.64,87,NA,NA,NA,NA,873.76,87,NA,NA,NA,NA,NA,NA,NA,NA,NA,NA,NA,NA,NA,NA,555.9,64,800.7,64,502.3,47,637.9,69,687.8,68,1302.8,65,560.3,67,NA,NA,NA,NA,NA,NA,NA,NA,NA,NA,596.9,65,NA,0,0,0,0,52,53,48.15,4058865.00522445,88,4058865.00522445,"Wet",5,"dodgerblue",NA,NA,NA,NA,NA,NA,384.7,NA,NA
"11",1952,1,55091936.2191948,150292994.135587,92475575.3269885,162697120.462584,172140893.169134,115947998.991921,39539070.1322679,12651230.2242409,7618629.06948098,6708503.82418653,7293234.82855581,29865319.5411542,14327132.8936675,21620367.7222233,1330.96,88,NA,NA,NA,NA,2273.3,88,NA,NA,NA,NA,NA,NA,NA,NA,NA,NA,1336.04,87,1584.96,95,NA,NA,NA,NA,NA,NA,2047.24,91,NA,NA,NA,NA,1971.04,91,NA,NA,NA,NA,NA,NA,NA,NA,NA,NA,NA,NA,NA,NA,571.5,88,NA,NA,NA,NA,626.2,88,579.8,83,1107.7,90,503.9,88,NA,NA,NA,NA,NA,NA,NA,NA,NA,NA,601.119990726489,88,NA,0,0,0,0,0,0,0,6388002.72974144,114,6388002.72974144,"Wet",5,"dodgerblue",NA,NA,NA,NA,NA,873.76,637.9,NA,NA
"12",1953,1,244265872.285479,97424992.9915871,63248811.4014844,88903578.3965318,113178478.084197,125582604.411194,57122592.0084271,11232217.7450184,7917111.00476572,8905526.59374142,48684360.9035331,48581604.8274515,16822637.5985071,65506998.5020402,909.32,87,NA,NA,NA,NA,1348.74,90,NA,NA,NA,NA,NA,NA,NA,NA,NA,NA,873.76,87,934.72,92,NA,NA,NA,NA,NA,NA,1186.18,86,NA,NA,NA,NA,1305.56,86,NA,NA,NA,NA,NA,NA,NA,NA,NA,NA,NA,NA,NA,NA,467.8,99,NA,NA,NA,NA,551.7,99,553.8,98,1097.8,105,483.8,99,NA,NA,NA,NA,NA,NA,NA,NA,NA,NA,509.75,99,NA,0,0,0,0,0,0,0,7510979.84691927,91,7510979.84691927,"Wet",5,"dodgerblue",NA,NA,NA,NA,NA,1971.04,626.2,NA,NA
"13",1954,1,86545081.7931343,117557844.183867,113227409.548998,118450843.416481,101067940.546005,43292113.4824875,13969933.2006218,7393544.33139741,6529903.97766369,6914015.97634979,16130257.3715761,17064848.349271,13443919.9540135,29574177.3255896,1021.08,91,NA,NA,NA,NA,1386.84,89,NA,NA,NA,NA,NA,NA,NA,NA,NA,NA,848.36,90,828.04,91,NA,NA,NA,NA,NA,NA,904.24,86,NA,NA,NA,NA,1066.8,86,NA,NA,NA,NA,NA,NA,NA,NA,NA,NA,NA,NA,NA,NA,484,107,NA,NA,NA,NA,612.1,114,581.8,114,1185.6,114,467.1,114,NA,NA,NA,NA,NA,NA,NA,NA,NA,NA,548.05,109,NA,0,0,0,0,0,0,70.3,6268120.64097953,86,6268120.64097953,"Wet",1,"dodgerblue",NA,NA,NA,NA,NA,1305.56,551.7,NA,NA
"14",1955,1,14725924.3317938,13544229.4568551,15396285.3995645,18797022.2032185,49540661.5375467,31416446.9753389,6652232.63966564,3249049.26277159,2356050.03015741,2933441.31480658,17414708.3225965,247343661.421448,5289491.34496399,22704199.6675605,642.62,122,NA,NA,NA,NA,883.92,90,NA,NA,NA,NA,NA,NA,NA,NA,NA,NA,497.84,54,596.9,94,NA,NA,NA,NA,241.3,122,563.88,91,NA,NA,NA,NA,675.64,91,NA,NA,NA,NA,NA,NA,NA,NA,NA,NA,NA,NA,NA,NA,261.8,50,NA,NA,NA,NA,186.1,92,215,69,577,92,145,92,NA,NA,NA,NA,NA,NA,NA,NA,NA,NA,223.95,67,NA,0,0,18,25,79,79,90.05,2047781.80191252,65,2047781.80191252,"Critical",5,"firebrick",NA,NA,NA,NA,NA,1066.8,612.1,NA,NA
"15",1956,1,236608098.044157,107098743.582701,112640231.971389,129227998.538852,142561822.697064,88238110.4752412,24101192.9876227,7814354.92868409,5871775.77609324,10950861.8224139,20223374.4021611,27470124.3391562,16822637.5985071,37046012.0006683,1244.6,90,NA,NA,NA,NA,1836.42,89,NA,NA,NA,NA,NA,NA,NA,NA,NA,NA,1026.16,90,1043.94,96,NA,NA,NA,NA,777.24,62,1551.94,83,NA,NA,NA,NA,1473.2,83,NA,NA,NA,NA,NA,NA,NA,NA,NA,NA,NA,NA,NA,NA,678.6,83,NA,NA,NA,NA,785,83,614.6,79,1471,82,570.8,83,NA,NA,NA,NA,NA,NA,NA,NA,NA,NA,731.8,83,NA,0,0,0,0,0,16,0,5861989.48313309,74,5861989.48313309,"Wet",5,"dodgerblue",NA,NA,NA,NA,NA,675.64,186.1,NA,NA
"16",1957,1,19071038.4061028,68623932.8098497,132139420.694498,77098862.5133443,96972376.9421799,46188856.1986935,10439528.0152458,5666263.62392998,4186086.81370647,29033484.639541,51079556.1055311,66417123.7473347,33219571.4532475,84299127.5587786,716.28,92,NA,NA,NA,NA,899.16,91,NA,NA,NA,NA,NA,NA,NA,NA,NA,NA,510.54,92,457.2,94,NA,NA,NA,NA,355.6,92,701.04,93,NA,NA,NA,NA,736.6,93,NA,NA,NA,NA,NA,NA,NA,NA,NA,NA,NA,NA,NA,NA,456.7,147,NA,NA,NA,NA,433.1,124,126.8,29,1028.6,144,343.6,141,NA,NA,NA,NA,NA,NA,NA,NA,NA,NA,444.9,146,NA,0,0,0,0,30,34,76.2,4009933.54042368,68,4009933.54042368,"Wet",5,"dodgerblue",NA,NA,NA,NA,NA,1473.2,785,NA,NA
"17",1958,1,119074719.592691,328330128.813214,114922884.804345,114891079.352224,184006773.383322,108813791.423968,30831715.9709696,10116580.3475606,7136654.14119333,7603949.63004075,13402328.2089328,13216388.6426899,14740603.7712341,28142931.9801669,1460.5,122,NA,NA,NA,NA,1795.78,99,NA,NA,NA,NA,NA,NA,NA,NA,NA,NA,1092.2,86,1104.9,95,NA,NA,NA,NA,609.6,86,1292.86,90,NA,NA,NA,NA,1285.24,90,NA,NA,NA,NA,NA,NA,NA,NA,NA,NA,NA,NA,NA,NA,779.1,121,NA,NA,NA,NA,694.9,116,459.8,119,1634.8,107,510.7,94,NA,NA,NA,NA,NA,NA,NA,NA,NA,NA,737,120,NA,0,0,0,0,0,15,32.6,7107295.26231286,73,7107295.26231286,"Wet",4,"dodgerblue",NA,NA,NA,NA,NA,736.6,433.1,NA,NA
"18",1959,1,69245362.4128196,48510654.2034903,47876991.7343203,68667971.1281704,49990831.0137138,22934177.5521242,6136005.68601744,3185438.35853058,2945674.18100678,4031952.69958403,3973234.94182309,4716993.2067949,6977626.8805908,10950861.8224139,934.72,92,NA,NA,NA,NA,939.8,91,NA,NA,NA,NA,NA,NA,NA,NA,NA,NA,711.2,92,NA,NA,NA,NA,NA,NA,551.18,55,622.3,93,NA,NA,NA,NA,736.6,93,NA,NA,NA,NA,NA,NA,NA,NA,NA,NA,NA,NA,NA,NA,344.2,104,NA,NA,NA,NA,330.7,116,238.7,100,617.3,101,191.7,116,NA,NA,NA,NA,NA,NA,NA,NA,NA,NA,337.45,104,NA,0,0,20,20,128,129,71.8,2353603.45691737,67,2353603.45691737,"Above Normal",1,"green3",NA,NA,NA,NA,NA,1285.24,694.9,NA,NA
"19",1960,1,7386204.61167729,67615944.6349537,71070506.0498886,60029121.0175932,63750358.9156923,50059335.0644349,7814354.92868409,4624023.42367343,3515725.74593583,4477229.0292711,16421399.5871408,36869858.7273855,7992954.77520693,24414354.3623477,617.22,94,NA,NA,NA,NA,1082.04,95,NA,NA,NA,NA,NA,NA,NA,NA,NA,NA,538.48,55,NA,NA,NA,NA,NA,NA,457.2,55,655.32,96,NA,NA,NA,NA,878.84,96,NA,NA,NA,NA,NA,NA,NA,NA,NA,NA,NA,NA,NA,NA,308.3,131,NA,NA,NA,NA,370.1,131,251.6,131,783.1,131,316.3,130,NA,NA,NA,NA,NA,NA,NA,NA,NA,NA,339.2,131,NA,0,0,0,0,40,83,80.1,3329786.17969288,86,3329786.17969288,"Critical",3,"firebrick",NA,NA,NA,NA,NA,736.6,330.7,NA,NA
"20",1961,1,22366572.5604352,104857682.494825,66855060.3573016,65453173.8907594,70500454.4849595,65291700.0569168,9898835.32919719,4374472.95318947,4589771.39831288,5321296.7970845,9920854.48835754,32052556.017749,9911068.19539738,19831922.6837549,868.68,87,NA,NA,NA,NA,1188.72,87,NA,NA,NA,NA,NA,NA,NA,NA,NA,NA,751.84,87,NA,NA,NA,NA,NA,NA,441.96,87,965.2,88,NA,NA,NA,NA,1061.72,88,NA,NA,NA,NA,NA,NA,NA,NA,NA,NA,NA,NA,NA,NA,437.2,78,NA,NA,NA,NA,474.4,100,371.9,115,763.9,101,405.4,116,NA,NA,NA,NA,NA,NA,NA,NA,NA,NA,455.8,78,NA,0,0,0,10,16,57,87.2,3684539.29949851,62,3684539.29949851,"Below Normal",3,"goldenrod",NA,NA,NA,NA,NA,878.84,370.1,NA,NA
"21",1962,1,21182431.1122564,48733292.3683339,41011907.2227712,83374322.874044,60107411.3612745,35685717.2792067,9676197.16435365,4836875.29555681,4117582.76298539,71334735.9598128,55505407.0967614,132513746.400224,75452318.7227982,130957725.81956,977.9,86,NA,NA,NA,NA,1188.72,90,NA,NA,NA,NA,NA,NA,NA,NA,NA,NA,861.06,86,NA,NA,NA,NA,NA,NA,731.52,86,797.56,93,NA,NA,NA,NA,980.44,93,NA,NA,NA,NA,NA,NA,NA,NA,NA,NA,NA,NA,NA,NA,380.3,81,NA,NA,NA,NA,344.7,82,307.4,112,827,82,323.1,81,NA,NA,NA,NA,NA,NA,NA,NA,NA,NA,370.339725515387,86,NA,0,0,0,0,38,38,65.55,3978128.08830317,70,3978128.08830317,"Below Normal",4,"goldenrod",NA,NA,NA,NA,NA,1061.72,474.4,NA,NA
"22",1963,1,34633690.78599,173929338.207602,47187058.0806293,110555751.570876,126096384.791602,39397168.8843456,11765570.7113468,5184288.69564232,4533500.21379199,7488960.68775892,53924920.7836963,32321679.0741533,12022460.9015509,65947381.6852472,541.02,122,NA,NA,NA,NA,416.56,92,NA,NA,NA,NA,NA,NA,NA,NA,NA,NA,368.3,122,NA,NA,NA,NA,NA,NA,213.36,122,251.46,93,NA,NA,NA,NA,406.4,119,NA,NA,NA,NA,NA,NA,NA,NA,NA,NA,NA,NA,NA,NA,619.1,63,NA,NA,NA,NA,602.1,63,657,63,1257.1,122,530.8,65,NA,NA,NA,NA,NA,NA,NA,NA,NA,NA,610.6,63,NA,0,0,0,0,35,41,36.05,4323094.91514865,67,4323094.91514865,"Above Normal",3,"green3",NA,NA,NA,NA,NA,980.44,344.7,NA,NA
"23",1964,1,61465259.509496,46218215.0775739,37376299.3880735,41645569.6919413,49327809.6656633,42137330.9131891,9309211.17834783,4450316.72363067,3569550.35721668,4093117.030585,9470685.01219039,379456169.810306,7662667.38780168,17133352.3999921,439.42,95,NA,NA,NA,NA,1183.64,86,NA,NA,NA,NA,NA,NA,NA,NA,NA,NA,386.08,95,NA,NA,NA,NA,NA,NA,248.92,95,914.4,87,NA,NA,NA,NA,1046.48,87,NA,NA,NA,NA,NA,NA,NA,NA,NA,NA,NA,NA,NA,NA,345.8,87,NA,NA,NA,NA,391.6,108,425.4,99,922.7,88,308.3,110,NA,NA,NA,NA,NA,NA,NA,NA,NA,NA,368.7,89,NA,0,0,0,13,41,70,52.2,3437435.40225459,66,3437435.40225459,"Below Normal",4,"goldenrod",NA,NA,NA,NA,NA,406.4,602.1,NA,NA
"24",1965,1,168984813.689483,93236459.6046406,60489076.7867205,102976267.673235,78586379.0432879,43475606.4754904,10972880.9815742,5935386.68033425,5191628.41536244,5419159.72668605,17008577.1647501,16558407.6885829,10610788.1420485,27619365.3067986,487.68,90,NA,NA,NA,NA,1005.84,89,NA,NA,NA,NA,NA,NA,NA,NA,NA,NA,368.3,33,NA,NA,NA,NA,NA,NA,304.8,33,561.34,85,NA,NA,NA,NA,899.16,27,NA,NA,NA,NA,NA,NA,NA,NA,NA,NA,NA,NA,NA,NA,682.1,83,NA,NA,NA,NA,594.8,85,534.5,83,1238.2,85,527.4,85,NA,NA,NA,NA,NA,NA,NA,NA,NA,NA,638.45,84,NA,0,0,0,0,1,42,40.8,4866234.17443727,89,4866234.17443727,"Above Normal",3,"green3",NA,NA,NA,NA,NA,1046.48,391.6,NA,NA
"25",1966,1,57494471.140913,26227265.1332165,60391213.857119,107159907.913702,87367130.4017874,33593897.1589735,7633308.50892121,3620928.3952575,3439881.97549462,4614237.13071327,27479910.6321164,60936799.6896477,8054119.1062079,35534029.7383243,822.96,89,NA,NA,NA,NA,1714.5,88,NA,NA,NA,NA,NA,NA,NA,NA,NA,NA,718.82,89,NA,NA,NA,NA,NA,NA,563.88,59,1041.4,90,NA,NA,NA,NA,1163.32,90,NA,NA,NA,NA,NA,NA,NA,NA,NA,NA,NA,NA,NA,NA,326.4,89,NA,NA,NA,NA,377.6,96,386,65,860.5,96,238.7,97,NA,NA,NA,NA,NA,NA,NA,NA,NA,NA,352,95,NA,0,0,0,12,34,75,75.15,3041090.53736829,59,3041090.53736829,"Below Normal",3,"goldenrod",NA,NA,NA,NA,NA,899.16,594.8,NA,NA
"26",1967,1,66382871.7219741,64868442.8863901,62803535.0717973,44163093.5559413,130784019.119517,88864433.2246911,21742696.3842253,5113338.0716812,3882711.73194166,7180692.45951403,7819248.07516417,11608990.0239843,11063404.1914557,18882652.2666198,1094.74,122,NA,NA,NA,NA,1181.1,89,NA,NA,NA,NA,NA,NA,NA,NA,NA,NA,960.12,122,NA,NA,NA,NA,NA,NA,591.82,122,891.54,89,NA,NA,NA,NA,1219.2,121,NA,NA,NA,NA,NA,NA,NA,NA,NA,NA,NA,NA,NA,NA,458.1,112,NA,NA,NA,NA,505.6,112,395.4,112,888.7,75,403.3,112,NA,NA,NA,NA,NA,NA,NA,NA,NA,NA,481.85,112,NA,0,0,0,0,31,32,52.25,3537744.90509618,69,3537744.90509618,"Below Normal",2,"goldenrod",NA,2728.63,2703.33,2728.63,2703.33,1163.32,377.6,NA,NA
"27",1968,1,37667441.6036381,145850017.131676,72391655.5995096,42093292.5948684,42193602.09771,21639940.3081436,4878467.04063747,3307767.02053253,3148739.75993,3850906.27982115,15401178.5460446,35091199.9818772,6999646.03975115,22400824.5857957,474.98,93,NA,NA,NA,NA,853.44,86,NA,NA,NA,NA,NA,NA,NA,NA,NA,NA,452.12,37,NA,NA,NA,NA,NA,NA,462.28,37,574.04,89,NA,NA,NA,NA,756.92,89,NA,NA,NA,NA,NA,NA,NA,NA,NA,NA,NA,NA,NA,NA,325.6,102,NA,NA,NA,NA,439.6,101,339.2,105,822.9,106,316.3,79,NA,NA,NA,NA,NA,NA,NA,NA,NA,NA,392.559602380428,101,NA,0,0,0,29,64,68,44.6,2984819.3528474,83,2984819.3528474,"Dry",4,"orangered",NA,2727.43,2704.33,2727.43,2704.33,1219.2,505.6,2703.33,2728.63
"28",1969,1,97302664.3295851,74008840.5111752,73705465.4294104,114548559.098619,175052315.32478,88700512.8176085,14503286.1669503,4548179.65323222,4447870.15039063,7525659.2863595,8707354.16129827,84590269.7743433,11973529.4367501,20680883.5980484,1158.24,85,NA,NA,NA,NA,1704.34,85,NA,NA,NA,NA,NA,NA,NA,NA,NA,NA,1173.48,63,NA,NA,NA,NA,NA,NA,1000.76,63,1625.6,86,NA,NA,NA,NA,1645.92,86,NA,NA,NA,NA,NA,NA,NA,NA,NA,NA,NA,NA,NA,NA,554.1,103,NA,NA,NA,NA,500.3,104,384.7,105,1079,90,437.9,103,NA,NA,NA,NA,NA,NA,NA,NA,NA,NA,531.78946405942,103,NA,0,0,0,0,18,21,14.7,3459454.56141493,64,3459454.56141493,"Above Normal",5,"green3",NA,2732.83,2707.13,2732.83,2707.13,756.92,439.6,2704.33,2727.43
"29",1970,1,317486916.213362,99981662.0274277,80472687.0113579,42839497.4330803,69746909.9270276,43759408.9713349,8188680.63441003,3850906.27982115,3525512.03889598,4856447.88147712,74576445.5028642,98185877.2692392,8381959.9203731,82958405.4232374,807.72,86,NA,NA,NA,NA,855.98,89,NA,NA,NA,NA,NA,NA,NA,NA,NA,NA,670.56,62,NA,NA,NA,NA,NA,NA,416.56,62,614.68,85,NA,NA,NA,NA,706.12,85,NA,NA,NA,NA,NA,NA,NA,NA,NA,NA,NA,NA,NA,NA,557.6,106,NA,NA,NA,NA,639.9,107,505.5,108,1129.4,108,524.9,106,NA,NA,NA,NA,NA,NA,NA,NA,NA,NA,598.75,106,NA,0,0,9,10,39,54,72.5,3026411.09792806,57,3026411.09792806,"Wet",5,"dodgerblue",NA,2735.33,2705.03,2735.33,2705.03,1645.92,500.3,2707.13,2732.83
"30",1971,1,205837546.404189,87428294.7327883,125819922.015478,98875810.9229301,141607659.133449,90655324.8363996,27494590.0715566,6884657.09746933,6395342.44946156,8523861.16829536,19225172.5202253,28556402.8577335,14919203.6177569,34144376.1379822,772.16,117,NA,NA,NA,NA,922.02,89,NA,NA,NA,NA,NA,NA,NA,NA,NA,NA,655.32,90,NA,NA,NA,NA,NA,NA,533.4,90,1292.86,91,NA,NA,NA,NA,1569.72,116,NA,NA,NA,NA,NA,NA,NA,NA,NA,NA,NA,NA,NA,NA,223.5,42,NA,NA,NA,NA,745.3,65,568.5,59,1460.1,68,560.8,69,NA,NA,NA,NA,NA,NA,NA,NA,NA,NA,661.251945977981,65,NA,0,0,0,0,0,14,0.15,5194074.98860248,61,5194074.98860248,"Wet",4,"dodgerblue",NA,2735.33,2709.83,2735.33,2709.83,706.12,639.9,2705.03,2735.33
"31",1972,1,106540924.883972,72621633.4840732,214280670.655563,69362797.9283414,73632068.2322093,53452732.1483688,10351451.3786044,4756138.37863553,5054620.31392027,6365983.57058109,9248046.84734686,43299453.2022076,11420603.8845014,20668650.7318482,800.1,63,NA,NA,NA,NA,1021.08,89,NA,NA,NA,NA,NA,NA,NA,NA,NA,NA,607.06,63,NA,NA,NA,NA,NA,NA,401.32,63,673.1,90,NA,NA,NA,NA,929.64,60,NA,NA,NA,NA,NA,NA,NA,NA,NA,NA,NA,NA,NA,NA,458.3,114,NA,NA,NA,NA,502.7,114,373.9,109,1236,114,419.7,114,NA,NA,NA,NA,NA,NA,NA,NA,NA,NA,489.357486585232,114,NA,0,0,0,0,40,64,76.3,4526160.49407187,51,4526160.49407187,"Above Normal",3,"green3",NA,NA,NA,2731.73,2708.13,1569.72,745.3,2709.83,2735.33
"32",1973,1,62226143.7871481,36948149.0710667,33412850.7392106,41374000.062297,74485922.2929828,20952453.2276927,4968990.25051891,2152984.45123419,2099159.83995333,11166160.2675373,119473511.030817,162207805.814576,13265320.1074906,132738831.138308,1023.62,92,NA,NA,NA,NA,980.44,89,NA,NA,NA,NA,NA,NA,NA,NA,NA,NA,929.64,92,NA,NA,NA,NA,NA,NA,782.32,92,701.04,92,NA,NA,NA,NA,807.72,92,NA,NA,NA,NA,NA,NA,NA,NA,NA,NA,NA,NA,NA,NA,309.6,103,NA,NA,NA,NA,356.9,80,268.9,83,712,103,238.9,83,NA,NA,NA,NA,NA,NA,NA,NA,NA,NA,342.677915488706,88,NA,0,0,25,28,51,51,123.6,1737067.00042758,55,1737067.00042758,"Below Normal",5,"goldenrod",NA,2732.63,2700.63,2732.63,2700.63,929.64,502.7,2708.13,2731.73
"33",1974,1,335023953.19796,86589120.111455,161375970.912963,159565506.715334,140602117.531793,117058743.242899,28930728.5634594,8602151.5119766,5150036.67028178,5585526.7070087,8890847.15430118,14894737.8853565,10735563.3772905,19626410.5315917,1313.18,120,NA,NA,NA,NA,1686.56,79,NA,NA,NA,NA,NA,NA,NA,NA,NA,NA,965.2,120,NA,NA,NA,NA,NA,NA,558.8,120,1043.94,81,NA,NA,NA,NA,1356.36,119,NA,NA,NA,NA,NA,NA,NA,NA,NA,NA,NA,NA,NA,NA,705.2,106,NA,NA,NA,NA,701.4,98,767.6,101,1660.6,89,692.7,107,NA,NA,NA,NA,NA,NA,NA,NA,NA,NA,744.184251472348,106,NA,0,0,0,0,33,67,40.55,5150036.67028178,77,5150036.67028178,"Wet",5,"dodgerblue",NA,2736.53,2711.33,2736.53,2711.33,807.72,356.9,2700.63,2732.63
"34",1975,1,30281236.9919609,68029415.5125203,166963944.193211,94584521.459902,161327039.448162,132195691.879019,28045069.0505653,7603949.63004075,5842416.89721278,12651230.2242409,38491936.7855312,46487338.1339782,18493647.1214537,56985583.9069849,1315.72,118,NA,NA,NA,NA,1742.44,86,NA,NA,NA,NA,NA,NA,NA,NA,NA,NA,1234.44,87,1143,127,NA,NA,NA,NA,1056.64,91,1691.64,86,NA,NA,NA,NA,1798.32,120,NA,NA,NA,NA,NA,NA,NA,NA,NA,NA,NA,NA,NA,NA,474,135,NA,NA,NA,NA,400.4,131,451.7,126,1130,135,427,136,NA,NA,NA,NA,NA,NA,NA,NA,NA,NA,489.250406702429,135,NA,0,0,0,0,0,47,48.1,5747000.54085126,85,5747000.54085126,"Wet",2,"dodgerblue",NA,2734.83,2710.83,2734.83,2710.83,1356.36,701.4,2711.33,2736.53
"35",1976,1,28835312.2070979,30523447.7427247,45912393.4225691,44579011.0067479,71687042.5063784,23599645.4734148,6789240.74110781,5521915.80276769,4531053.64055195,6021016.74373561,6380663.01002132,6375769.86354124,10552070.3842876,16932733.3943089,571.5,120,NA,NA,NA,NA,1051.56,85,NA,NA,NA,NA,NA,NA,NA,NA,NA,NA,513.08,120,739.14,85,NA,NA,NA,NA,355.6,120,723.9,86,NA,NA,NA,NA,863.6,119,NA,NA,NA,NA,NA,NA,NA,NA,NA,NA,NA,NA,NA,NA,384,73,NA,NA,NA,NA,222.6,71,361,66,890.9,67,326.1,73,NA,NA,NA,NA,NA,NA,NA,NA,NA,NA,346.944993419815,73,NA,0,0,0,0,25,162,107.79501023439,4342667.50106896,72,4342667.50106896,"Dry",1,"orangered",NA,NA,NA,2729.93,2701.43,1798.32,400.4,2710.83,2734.83
"36",1977,2,6138452.25925748,6781901.02138769,6319498.67902035,4041738.99254418,9179542.79662577,11440176.4704217,2612940.22036149,779478.234276378,785105.352728467,1333382.41582117,25067589.4174381,125000319.980065,2118487.76854964,27186077.1859877,289.56,89,NA,NA,NA,NA,528.32,88,NA,NA,NA,NA,NA,NA,NA,NA,NA,NA,302.26,89,416.56,90,NA,NA,NA,NA,264.16,89,314.96,90,NA,NA,NA,NA,480.06,89,NA,NA,NA,NA,NA,NA,NA,NA,NA,NA,NA,NA,NA,NA,139.3,144,NA,NA,NA,NA,55.8,153,102.9,144,234.2,143,118.1,144,NA,NA,NA,NA,NA,NA,NA,NA,NA,NA,118.54501023439,144,NA,16,50,65,71,81,82,94.5242197245988,498366.968995914,62,498366.968995914,"Critical",4,"firebrick",NA,NA,NA,2730.63,2697.43,863.6,222.6,2701.43,2729.93
"37",1978,2,137570813.287385,89189827.4656163,96475722.574452,74644949.5535853,70970196.547047,53357315.7920073,20030095.1161981,4902932.77303786,10177744.6785616,7095062.39611267,7540338.72579974,11210198.585858,17272807.0746743,24813145.800474,1371.6,118,NA,NA,NA,NA,889,87,NA,NA,NA,NA,NA,NA,NA,NA,NA,NA,975.36,118,581.66,58,NA,NA,NA,NA,612.14,59,401.32,86,NA,NA,NA,NA,640.08,59,NA,NA,NA,NA,NA,NA,NA,NA,NA,NA,NA,NA,NA,NA,610.4,105,NA,NA,NA,NA,407,77,378.4,75,1074.9,78,498.8,84,NA,NA,NA,NA,NA,NA,NA,NA,NA,NA,554.288223436085,98,NA,0,0,0,0,4,5,43.7,4682741.18143436,48,4682741.18143436,"Above Normal",2,"green3",NA,NA,NA,2730.63,2706.43,480.06,55.8,2697.43,2730.63
"38",1979,2,30743639.3343282,24465732.4003885,55023432.1684738,42311037.6132319,83731522.5670896,15110036.3304799,3975681.51506313,1744406.7201477,1612291.7651856,9292085.16566755,34249578.7873039,50827559.0618071,10904376.9308532,45153955.718157,624.84,89,NA,NA,533.4,88,668.02,88,NA,NA,NA,NA,NA,NA,NA,NA,NA,NA,538.48,89,NA,NA,NA,NA,NA,NA,419.1,89,424.18,87,NA,NA,NA,NA,541.02,87,NA,NA,NA,NA,NA,NA,NA,NA,NA,NA,NA,NA,NA,NA,283.1,136,NA,NA,NA,NA,222.7,136,355.2,136,507,136,211.5,136,NA,NA,NA,NA,NA,NA,NA,NA,NA,NA,268.740065354041,136,NA,0,0,49,51,53,54,102.5,1558467.15390475,84,1558467.15390475,"Dry",3,"orangered",NA,2729.13,2699.83,2729.13,2699.83,640.08,407,2706.43,2730.63
"39",1980,2,164686184.506735,106029591.076804,73487720.411047,71564713.8443764,61046895.4854494,36767102.6513039,8954458.05854219,2874723.55704565,2343817.16395722,3395843.65717392,5448518.60556652,38570227.1292125,5739660.82113114,11188179.4266977,762,53,NA,NA,922.02,91,873.76,85,NA,NA,NA,NA,NA,NA,NA,NA,NA,NA,619.76,86,NA,NA,NA,NA,NA,NA,243.84,53,508,88,NA,NA,NA,NA,698.5,88,NA,NA,NA,NA,NA,NA,NA,NA,NA,NA,NA,NA,NA,NA,588.9,97,NA,NA,NA,NA,263,64,550.9,104,724.2,105,494.9,93,NA,NA,NA,NA,NA,NA,NA,NA,NA,NA,568.331974222728,100,NA,0,0,43,47,69,92,93.3355453067726,2226381.64843535,67,2226381.64843535,"Below Normal",1,"goldenrod",NA,NA,NA,2729.13,2707.43,541.02,222.7,2699.83,2729.13
"40",1981,2,33400617.8730104,67525421.4250723,40882238.8410492,35817832.2341688,30222519.2341999,9871923.02355676,1778658.74550824,559531.299996885,586443.605637313,1612291.7651856,79070800.5448156,246181539.132429,2198735.37082291,81269535.9156385,510.54,83,NA,NA,294.64,85,284.48,86,NA,NA,NA,NA,NA,NA,NA,NA,NA,NA,500.38,83,NA,NA,NA,NA,NA,NA,284.48,83,114.3,86,NA,NA,NA,NA,269.24,86,NA,NA,NA,NA,NA,NA,NA,NA,NA,NA,NA,NA,NA,NA,388,114,NA,NA,NA,NA,207.3,64,335.8,65,457.9,115,290.2,114,NA,NA,NA,NA,NA,NA,NA,NA,NA,NA,332.118377459078,114,NA,26,55,58,59,73,74,117.346578116078,467050.831523417,59,467050.831523417,"Critical",5,"firebrick",NA,NA,NA,2726.53,2697.43,698.5,263,2707.43,2729.13
"41",1982,2,85867381.0056435,211802291.963403,113501425.751882,98812200.0186891,115160202.408629,72751301.8657953,22748237.9858812,5162269.53648197,4173853.94750628,12389446.8875567,22826528.3295625,103852140.893169,16563300.835063,39389829.1646255,982.98,99,NA,NA,1483.36,99,1407.16,99,NA,NA,NA,NA,NA,NA,NA,NA,NA,NA,784.86,99,NA,NA,NA,NA,NA,NA,345.44,99,530.86,90,NA,NA,NA,NA,807.72,119,NA,NA,NA,NA,NA,NA,NA,NA,NA,NA,NA,NA,NA,NA,621,79,NA,NA,NA,NA,454.1,102,845.8,80,1051.4,85,710.1,80,NA,NA,NA,NA,NA,NA,NA,NA,NA,NA,662.00286208939,80,NA,0,0,0,16,25,52,34.8149100561282,3613588.67553738,65,3613588.67553738,"Wet",5,"dodgerblue",NA,2734.43,2710.63,2734.43,2710.63,269.24,207.3,2697.43,2726.53
"42",1983,2,103101042.908477,152519375.784022,208374642.854109,125019892.565985,180410310.720465,126243179.186005,58328752.6157662,20406867.3951641,16756580.1210261,14784642.0895548,70490668.1919994,158173406.541752,31541222.2105809,102031890.40258,2029.46,122,NA,NA,2006.6,95,NA,NA,NA,NA,NA,NA,NA,NA,NA,NA,NA,NA,1859.28,122,NA,NA,NA,NA,NA,NA,1356.36,123,1170.94,90,NA,NA,NA,NA,1620.52,116,NA,NA,NA,NA,NA,NA,NA,NA,NA,NA,NA,NA,NA,NA,773.5,118,NA,NA,NA,NA,570.3,78,1069.2,117,1070.2,93,556.2,84,NA,NA,NA,NA,NA,NA,NA,NA,NA,NA,734.691351103612,118,NA,0,0,0,0,0,0,0.9,13886749.7104605,93,13886749.7104605,"Wet",5,"dodgerblue",NA,2735.43,2710.83,2735.43,2710.83,807.72,454.1,2710.63,2734.43
"43",1984,2,95347852.3107941,67099717.6813055,81840321.4525396,71904787.5247418,103411757.709962,50702783.8265651,13850051.1118599,3887604.87842173,3811761.10798053,7532999.00607962,64682503.3201471,41219865.9481746,11344760.1140602,76027263.4342073,756.92,60,NA,NA,1046.48,90,NA,NA,NA,NA,NA,NA,NA,NA,NA,NA,NA,NA,680.72,60,NA,NA,NA,NA,NA,NA,335.28,60,685.8,93,NA,NA,NA,NA,949.96,93,NA,NA,NA,NA,NA,NA,NA,NA,NA,NA,NA,NA,NA,NA,495.9,68,NA,NA,NA,NA,228.7,70,465.9,85,570.7,68,464.2,72,NA,NA,NA,NA,NA,NA,NA,NA,NA,NA,464.478766235127,70,NA,0,0,0,17,43,46,49,3293087.58109229,61,3293087.58109229,"Wet",3,"dodgerblue",NA,NA,NA,2731.23,2700.63,1620.52,570.3,2710.83,2735.43
"44",1985,2,25104288.0160386,37574471.8205167,33280735.7842485,83496651.5360459,49667883.3460287,27413853.1546353,5088872.33928081,2360943.17663749,2860044.11760542,4991009.40967926,7337273.14687651,14248842.5499863,7851053.52728467,15188326.6741612,772.16,88,NA,NA,1099.82,88,NA,NA,NA,NA,NA,NA,NA,NA,NA,NA,NA,NA,647.7,88,NA,NA,NA,NA,NA,NA,492.76,88,937.26,88,NA,NA,NA,NA,1041.4,88,NA,NA,NA,NA,NA,NA,NA,NA,NA,NA,NA,NA,NA,NA,333.4,51,NA,NA,NA,NA,285.4,59,90.1,74,523.1,59,376.8,49,NA,NA,NA,NA,NA,NA,NA,NA,NA,NA,359.028234007044,51,NA,0,0,13,50,52,53,74.222956,2116285.85263361,53,2116285.85263361,"Below Normal",5,"goldenrod",NA,NA,NA,2726.83,2699.03,949.96,228.7,2700.63,2731.23
"45",1986,2,55791656.165846,216719904.175881,160837724.800154,70786703.5540441,59652348.7386273,39424081.189986,6598408.02838478,2588474.4879611,3219690.38389113,6938481.70875018,9456005.57275016,11056064.4717356,10158172.0926413,19614177.6653915,889,57,NA,NA,1026.16,90,NA,NA,NA,NA,NA,NA,NA,NA,NA,NA,NA,NA,744.22,57,NA,NA,NA,NA,NA,NA,477.52,57,444.5,91,NA,NA,NA,NA,807.72,55,NA,NA,NA,NA,NA,NA,NA,NA,NA,NA,NA,NA,NA,NA,566.1,135,NA,NA,NA,NA,282.8,105,683,121,158.4,53,262.8,108,NA,NA,NA,NA,NA,NA,NA,NA,NA,NA,522.4901188,126,NA,0,0,10,18,31,58,78.2294406,2228828.22167539,56,2228828.22167539,"Wet",1,"dodgerblue",NA,NA,NA,2731.73,2709.33,1041.4,285.4,2699.03,2726.83
"46",1987,2,19511421.5893098,38261958.9009676,65267234.3245164,61878730.3870626,51686306.2690608,11168606.8407774,3026411.09792806,1018508.43982817,990862.162215734,1480176.8102235,2793986.64012437,56892614.1238634,2471038.97243924,5265025.61256361,774.7,86,NA,NA,960.12,86,NA,NA,NA,NA,NA,NA,NA,NA,NA,NA,NA,NA,731.52,86,NA,NA,NA,NA,NA,NA,492.76,86,675.64,89,NA,NA,NA,NA,706.12,89,NA,NA,NA,NA,NA,NA,NA,NA,NA,NA,NA,NA,NA,NA,303.8,124,NA,NA,NA,NA,214,102,427.9,100,107.1,9,241.9,116,NA,NA,NA,NA,NA,NA,NA,NA,NA,NA,319.6642289,120,NA,5,51,71,85,92,92,94.4233401,808103.141184832,58,808103.141184832,"Critical",1,"firebrick",NA,NA,2701.93,NA,2701.93,807.72,282.8,2709.33,2731.73
"47",1988,2,39304199.1012241,36710831.4667829,35071627.3959569,30626203.8188063,33080116.7785653,34303403.3985847,4650935.72931386,1137656.55661807,872448.017397854,2069800.96107287,26975916.5446684,22219778.1660328,2942248.97847072,29918165.5231391,538.48,26,NA,NA,457.2,89,NA,NA,NA,NA,NA,NA,NA,NA,NA,NA,NA,NA,452.12,57,NA,NA,NA,NA,NA,NA,309.88,26,142.24,89,NA,NA,NA,NA,459.74,26,NA,NA,NA,NA,NA,NA,NA,NA,NA,NA,NA,NA,NA,NA,341.8,67,NA,NA,NA,NA,212.2,59,412.3,67,55.1,19,301.2,71,NA,NA,NA,NA,NA,NA,NA,NA,NA,NA,342.5274367,69,NA,6,35,64,64,65,75,88.4924035,693848.170875018,58,693848.170875018,"Critical",3,"firebrick",NA,NA,NA,2725.93,2701.73,706.12,214,2701.93,NA
"48",1989,2,23362327.869131,22102342.650511,128523385.445721,108434572.571762,69521825.188944,26924538.5066276,5583080.13376866,1565806.87362486,2358496.60339745,10625467.5814887,10045629.7235995,12032247.1945111,12983964.1848862,23029593.9084857,690.88,88,NA,NA,1160.78,88,NA,NA,NA,NA,NA,NA,NA,NA,NA,NA,NA,NA,568.96,88,NA,NA,NA,NA,NA,NA,309.88,60,861.06,87,NA,NA,NA,NA,899.16,88,NA,NA,NA,NA,NA,NA,NA,NA,NA,NA,NA,NA,NA,NA,408.2,102,NA,NA,NA,NA,292.6,81,330.1,78,NA,NA,395.6,83,NA,NA,NA,NA,0,Inf,NA,NA,NA,NA,389.590177,97,NA,0,0,18,52,52,52,90.007509,1445924.78486296,51,1445924.78486296,"Below Normal",1,"goldenrod",NA,NA,NA,2725.83,2706.73,459.74,212.2,2701.73,2725.93
"49",1990,2,46494677.8536983,19063698.6863827,42961826.0950822,39343344.2730648,33322327.5293291,29711185.4270318,4631363.14339354,1049579.91997667,896424.435150235,2348710.3104373,4068651.29818461,5008135.42235953,3245134.74558753,7313786.04377214,335.28,59,NA,NA,429.26,92,NA,NA,NA,NA,NA,NA,NA,NA,NA,NA,NA,NA,327.66,59,NA,NA,NA,NA,NA,NA,248.92,59,243.84,92,NA,NA,NA,NA,411.48,92,NA,NA,NA,NA,NA,NA,NA,NA,NA,NA,NA,NA,NA,NA,306.1,100,NA,NA,NA,NA,84.6,117,241.2,69,NA,NA,270.5,100,NA,NA,NA,NA,0,Inf,NA,NA,NA,NA,277.8741874,100,NA,0,28,62,65,101,102,102.530529,766756.053428176,64,766756.053428176,"Critical",1,"firebrick",NA,NA,NA,2723.23,2699.43,899.16,292.6,2706.73,2725.83
"50",1991,2,9081679.86702421,15958997.2447734,28884243.6718987,21698658.0659046,35861870.5524895,18784789.3370183,3104701.4416093,978873.953339544,842599.82386938,1338275.56230125,3187884.93177062,10605894.9955684,2180875.38617063,5368760.31794125,533.4,86,NA,NA,472.44,87,NA,NA,NA,NA,NA,NA,NA,NA,NA,NA,NA,NA,541.02,86,NA,NA,NA,NA,NA,NA,396.24,86,248.92,87,NA,NA,NA,NA,284.48,87,NA,NA,NA,NA,NA,NA,NA,NA,NA,NA,NA,NA,NA,NA,265.9,125,NA,NA,NA,NA,149.8,119,281.3,153,NA,NA,221.7,128,NA,NA,0,Inf,0,Inf,NA,NA,0,Inf,261.3898717,127,NA,1,35,78,79,82,88,89.9580918,774340.430472296,62,774340.430472296,"Critical",1,"firebrick",NA,NA,NA,NA,NA,411.48,84.6,2699.43,2723.23
"51",1992,2,9314104.3248279,27519055.803957,29481207.5424681,59468855.7456243,28338657.83937,5727427.95493095,3655180.42061804,595495.926625456,1891201.11455003,4839321.86879685,5893794.93525359,12570493.3073196,6730522.98334688,12624317.9186005,850.9,91,NA,NA,340.36,90,NA,NA,NA,NA,NA,NA,NA,NA,NA,NA,NA,NA,746.76,91,NA,NA,NA,NA,NA,NA,508,91,347.98,90,NA,NA,NA,NA,294.64,59,NA,NA,NA,NA,NA,NA,NA,NA,NA,NA,NA,NA,NA,NA,334.9,120,NA,NA,NA,NA,183.9,74,415.1,87,NA,NA,175.4,68,NA,NA,0,Inf,0,Inf,0,Inf,0,Inf,285.0289032,97,NA,2,7,26,30,43,62,74.480189,566137.04774499,49,566137.04774499,"Critical",4,"firebrick",NA,NA,NA,NA,NA,284.48,149.8,NA,NA
"52",1993,2,39049755.4842601,44290315.3644233,146466553.588166,91885951.1761391,146965654.529134,100170048.166911,16580426.8477433,4323094.91514865,3491260.01353544,4641149.4363537,5551274.68164815,11692173.5141457,8132409.44988914,13683684.1315373,914.4,89,NA,NA,1132.84,89,NA,NA,NA,NA,NA,NA,NA,NA,NA,NA,NA,NA,942.34,60,NA,NA,NA,NA,NA,NA,726.44,60,789.94,90,NA,NA,NA,NA,1003.3,60,NA,NA,NA,NA,NA,NA,NA,NA,NA,NA,NA,NA,NA,NA,488.1,108,NA,NA,NA,NA,388.6,107,527.9,100,NA,NA,434.1,112,NA,NA,0,Inf,0,Inf,0,Inf,0,Inf,488.080521,108,NA,0,0,0,18,59,93,87.5429643,3253942.40925167,58,3253942.40925167,"Above Normal",1,"green3",NA,NA,NA,NA,NA,294.64,183.9,NA,NA
"53",1994,2,17916255.8368045,15790183.6912107,26217478.8402563,23345201.8564507,34538274.4296285,8350154.4682526,973980.806859466,441361.812503009,348636.686705536,726387.594967535,788041.240616514,4000147.24746352,1075024.28167307,1863065.52228958,607.06,60,NA,NA,574.04,91,NA,NA,NA,NA,NA,NA,NA,NA,NA,NA,NA,NA,571.5,60,NA,NA,NA,NA,NA,NA,431.8,60,289.56,90,NA,NA,NA,NA,464.82,59,NA,NA,NA,NA,NA,NA,NA,NA,NA,NA,NA,NA,NA,NA,243.9,115,NA,NA,NA,NA,161.3,67,292.4,73,NA,NA,186.3,92,NA,NA,0,Inf,0,Inf,0,Inf,0,Inf,223.3181248,96,NA,38,93,97,107,108,129,177.5928348,326617.527545187,68,326617.527545187,"Critical",5,"firebrick",NA,2724.23,2693.43,2724.23,2693.43,1003.3,388.6,NA,NA
"54",1995,2,130360761.94899,138989825.766607,173322588.044072,113667792.732205,136738978.385771,99252583.2018961,38354928.6840891,6982520.02707088,3591569.51637703,4981223.1167191,6343964.41142074,81512480.6383744,8572792.63309613,14916757.0445169,1577.34,89,NA,NA,1280.16,93,NA,NA,NA,NA,NA,NA,NA,NA,NA,NA,NA,NA,1224.28,89,NA,NA,NA,NA,NA,NA,772.16,30,662.94,93,NA,NA,NA,NA,960.12,90,NA,NA,NA,NA,NA,NA,NA,NA,NA,NA,NA,NA,NA,NA,689.1,106,NA,NA,NA,NA,390.1,113,759.4,107,NA,NA,501.1,119,NA,NA,0,Inf,0,Inf,0,Inf,0,Inf,634.0217898,114,NA,0,0,0,9,56,91,26.7009812,3452114.84169482,70,3452114.84169482,"Wet",5,"dodgerblue",NA,NA,NA,2730.03,2709.33,464.82,161.3,2693.43,2724.23
"55",1996,2,98083121.1931575,193328217.42787,109900069.942545,109973467.139746,117298507.420423,43155105.3810453,10982667.2745344,2444126.66679881,2052674.9483926,4396492.11234981,84426349.3672606,214765092.15709,6449167.06074241,90875516.4280031,675.64,88,NA,NA,1008.38,92,NA,NA,NA,NA,NA,NA,NA,NA,NA,NA,NA,NA,617.22,88,NA,NA,NA,NA,NA,NA,337.82,61,635,88,NA,NA,NA,NA,807.72,60,NA,NA,NA,NA,NA,NA,NA,NA,NA,NA,NA,NA,NA,NA,573.9,107,NA,NA,NA,NA,460.5,87,673.7,108,NA,NA,586.3,109,NA,NA,0,Inf,0,Inf,0,Inf,0,Inf,600.3940083,109,NA,0,0,32,47,54,60,100.4382375,1724834.13422739,63,1724834.13422739,"Wet",5,"dodgerblue",NA,NA,NA,2728.43,2708.33,960.12,390.1,2709.33,2730.03
"56",1997,2,281326563.725587,77690933.2374337,60640764.327603,65621987.444322,48023786.1287226,18503433.4144138,5636904.74504951,2138305.01179396,2727929.16264332,6221635.7494188,13086720.2609678,17847751.7860834,8949564.91206212,22036285.1730299,579.12,58,NA,NA,795.02,91,NA,NA,NA,NA,NA,NA,NA,NA,NA,NA,NA,NA,414.02,30,NA,NA,NA,NA,NA,NA,127,30,180.34,90,NA,NA,NA,NA,424.18,58,NA,NA,NA,NA,NA,NA,NA,NA,NA,NA,NA,NA,NA,NA,600.1,86,NA,NA,NA,NA,424.9,74,823.4,87,NA,NA,624,82,NA,NA,0,Inf,0,Inf,0,Inf,0,Inf,605.0182476,90,NA,0,0,15,35,39,60,58.3,1881414.82158988,53,1881414.82158988,"Wet",5,"dodgerblue",NA,NA,NA,2734.23,2706.53,807.72,460.5,2708.33,2728.43
"57",1998,2,115265405.05795,114254970.309814,194646920.404251,103609930.142405,131087394.201282,131674571.778891,50296652.6687187,9044981.26842363,5003242.27587945,7966042.4695665,46903255.5847848,66781663.1601005,12969284.7454459,59872540.3302308,2146.3,61,NA,NA,1445.26,95,NA,NA,NA,NA,NA,NA,NA,NA,NA,NA,NA,NA,1422.4,89,NA,NA,NA,NA,NA,NA,975.36,58,1049.02,86,NA,NA,NA,NA,1076.96,60,NA,NA,NA,NA,NA,NA,NA,NA,NA,NA,NA,NA,NA,NA,633.2,121,NA,NA,NA,NA,298.8,107,1004.4,108,NA,NA,511.1,118,NA,NA,0,Inf,0,Inf,0,Inf,0,Inf,604.550466,119,NA,0,0,0,0,25,43,44.488861,4797730.12371619,67,4797730.12371619,"Wet",5,"dodgerblue",NA,2735.63,2709.23,2735.63,2709.23,424.18,424.9,2706.53,2734.23
"58",1999,2,84945022.8941489,110286628.514471,117729104.310669,95066496.3881896,126218713.453604,91328132.4774103,18454501.949613,5382461.12808547,4266823.73062776,5353102.24920501,13218835.2159299,17957847.5818852,9619925.97983276,22838761.1957627,1285.24,91,NA,NA,NA,NA,NA,NA,NA,NA,NA,NA,NA,NA,NA,NA,NA,NA,1145.54,91,NA,NA,NA,NA,NA,NA,787.4,91,NA,NA,NA,NA,NA,NA,1447.8,95,NA,NA,NA,NA,NA,NA,NA,NA,NA,NA,NA,NA,NA,NA,488.9,108,NA,NA,NA,NA,556.7,113,813.6,83,NA,NA,554.3,108,NA,NA,0,Inf,0,Inf,0,Inf,0,Inf,612.0249931,111,NA,0,0,0,0,56,58,30.85,4154281.36158597,87,4154281.36158597,"Wet",3,"dodgerblue",NA,NA,NA,2734.43,2709.73,1076.96,298.8,2709.23,2735.63
"59",2000,2,69260041.8522598,78013880.9051188,88406924.0288039,104471123.922899,85263077.4153539,46479998.4142581,9646838.28547319,1463050.79754323,1759086.15958793,3699218.73893874,5976978.42541491,7408223.77083764,5458304.89852668,11435283.3239416,1117.6,91,NA,NA,1249.68,90,NA,NA,NA,NA,NA,NA,NA,NA,NA,NA,NA,NA,949.96,91,NA,NA,NA,NA,NA,NA,619.76,61,751.84,92,NA,NA,NA,NA,812.8,92,NA,NA,NA,NA,NA,NA,NA,NA,NA,NA,NA,NA,NA,NA,522.3,108,NA,NA,NA,NA,513.1,110,1228.9,121,NA,NA,449.4,110,NA,NA,0,Inf,0,Inf,0,Inf,0,Inf,581.4893982,111,NA,0,5,39,48,59,102,135.117728,1127870.26365791,55,1127870.26365791,"Below Normal",1,"goldenrod",NA,NA,NA,2728.33,2707.53,1447.8,556.7,2709.73,2734.43
"60",2001,3,7540338.72579974,8687781.57537796,29290374.8297451,20240500.4148414,30401119.0807228,3643436.86906586,604548.2476136,418608.681370647,325149.583601163,314140.004020988,4422425.78869423,29133794.1423826,639289.587622152,5061715.37631638,566.42,59,NA,NA,307.34,90,NA,NA,NA,NA,NA,NA,NA,NA,NA,NA,NA,NA,439.42,92,NA,NA,NA,NA,NA,NA,429.26,59,53.34,92,NA,NA,NA,NA,294.64,59,NA,NA,NA,NA,NA,NA,NA,NA,NA,NA,NA,NA,NA,NA,272.7,135,NA,NA,NA,NA,164.5,79,409.5,103,NA,NA,166.2,102,NA,NA,0,Inf,0,Inf,0,Inf,0,Inf,242.2025677,116,NA,81,82,82,82,82,82,104.104172,285270.43978853,93,285270.43978853,"Critical",2,"firebrick",NA,NA,NA,2722.73,2683.63,812.8,513.1,2707.53,2728.33
"61",2002,3,81656828.4595367,44082356.63902,43235842.2979666,74740365.9099468,53621545.7019315,28964980.58882,4871127.32091735,1128114.92098191,852141.459505532,1258272.61735198,5934897.36568624,88366310.9130192,2110414.07685751,8045311.44254376,850.9,58,NA,NA,1170.94,87,NA,NA,NA,NA,NA,NA,NA,NA,NA,NA,NA,NA,779.78,30,NA,NA,NA,NA,NA,NA,469.9,30,911.86,88,NA,NA,NA,NA,896.62,87,NA,NA,NA,NA,NA,NA,NA,NA,NA,NA,NA,NA,NA,NA,382.1,75,NA,NA,NA,NA,449,78,433.8,92,NA,NA,392.6,75,0,Inf,0,Inf,0,Inf,0,Inf,0,Inf,475.5690499,75,NA,0,54,68,68,69,69,72.648711,834770.789501255,73,834770.789501255,"Dry",4,"orangered",NA,NA,NA,2723.83,2703.93,294.64,164.5,2683.63,2722.73
"62",2003,3,155577592.334071,75777712.9637233,91014971.1026853,87976327.138557,113887984.323808,76863991.4823006,13757325.9860625,6648073.46515757,3618971.13666547,5119454.50478129,8146599.57468136,28774147.8760969,8738425.64144676,16885025.2161281,1397,121,NA,NA,1397,121,NA,NA,NA,NA,NA,NA,NA,NA,NA,NA,NA,NA,1097.28,121,NA,NA,NA,NA,NA,NA,467.36,29,441.96,90,NA,NA,NA,NA,685.8,121,NA,NA,NA,NA,NA,NA,NA,NA,NA,NA,NA,NA,NA,NA,687.2,89,NA,NA,NA,NA,645,91,564.6,91,NA,NA,502.2,89,0,Inf,0,Inf,0,Inf,0,Inf,0,Inf,746.9209091,89,NA,0,0,0,16,55,68,35.197309,3375292.4419576,66,3375292.4419576,"Above Normal",4,"green3",NA,NA,NA,2729.43,2706.98,896.62,449,2703.93,2723.83
"63",2004,3,41391126.0749773,76744109.3935387,89894440.5587475,77052377.6217836,73521972.4364075,30254324.6863204,5563996.86249635,1005663.93031797,1029395.69074635,3651021.24610998,6729299.69672686,42383945.495785,4680416.93685632,11409716.6335832,1143,58,NA,NA,1079.5,89,NA,NA,NA,NA,NA,NA,NA,NA,NA,NA,NA,NA,906.78,58,NA,NA,NA,NA,NA,NA,518.16,58,807.72,89,NA,NA,NA,NA,960.12,61,NA,NA,NA,NA,NA,NA,NA,NA,NA,NA,NA,NA,NA,NA,400.5,111,NA,NA,NA,NA,216.1,110,367.4,91,NA,NA,336.9,94,0,Inf,0,Inf,0,Inf,0,Inf,0,Inf,356.6219166,101,384.25,2,28,48,50,53,53,134.8733481,708527.610315251,58,708527.610315251,"Above Normal",4,"green3",NA,NA,NA,2726.33,2708.13,685.8,645,2706.98,2729.43
"64",2005,3,42029681.6906274,33728458.6871756,41662695.7046216,47617654.9708761,110169192.998949,48153454.5104447,10133951.0175649,1662201.8592824,1180471.58831875,2638873.8967059,16448556.5501052,224874332.784931,3819345.48502465,20267902.0351298,904.24,116,NA,NA,668.02,87,NA,NA,NA,NA,NA,NA,NA,NA,NA,NA,NA,NA,807.72,88,NA,NA,NA,NA,NA,NA,523.24,55,198.12,87,NA,NA,NA,NA,401.32,117,NA,NA,NA,NA,NA,NA,NA,NA,NA,NA,NA,NA,NA,NA,389.8,87,NA,NA,NA,NA,210.9,69,442.2,118,NA,NA,363.3,70,0,Inf,0,Inf,0,Inf,0,Inf,0,Inf,377.725279,70,378.85,0,24,54,61,65,66,51.0019834,1007498.860248,68,1007498.860248,"Above Normal",5,"green3",NA,2722.93,2700.13,2722.93,2700.13,960.12,216.1,2708.13,2726.33
"65",2006,3,245415761.708297,160495204.546549,83528456.9881664,99807955.3273849,177743545.888822,84776209.3405862,14659622.1969888,3968097.13801901,3464592.36521902,4888742.64824563,18526675.8601942,71099864.928769,8353335.01346465,26880010.8736588,1607.82,117,NA,NA,1437.64,95,NA,NA,NA,NA,NA,NA,NA,NA,NA,NA,NA,NA,1371.6,117,NA,NA,NA,NA,NA,NA,782.32,117,886.46,87,NA,NA,NA,NA,784.86,93,NA,NA,NA,NA,NA,NA,NA,NA,NA,NA,NA,NA,NA,NA,736,91,NA,NA,NA,NA,454.4,89,713.7,90,NA,NA,760.3,92,0,Inf,0,Inf,0,Inf,0,Inf,0,Inf,750.3426599,91,361.38,0,0,3,16,63,71,42.7745196,3030080.95778812,61,3030080.95778812,"Wet",3,"dodgerblue",NA,2734.33,2708.03,2734.33,2708.03,401.32,210.9,2700.13,2722.93
"66",2007,3,52809283.3862386,35883889.7116498,81429297.1482131,46541162.7452591,40894471.7072494,10406499.2765053,2848789.88070124,624145.299266311,519529.82752225,7863041.73616086,8271864.12457135,20470478.2994051,8382571.56368311,16654435.6882545,627.38,60,NA,NA,739.14,93,NA,NA,NA,NA,NA,NA,NA,NA,NA,NA,NA,NA,457.2,60,NA,NA,NA,NA,NA,NA,330.2,60,383.54,87,NA,NA,NA,NA,520.7,61,NA,NA,NA,NA,NA,NA,NA,NA,NA,NA,NA,NA,NA,NA,340.4,87,NA,NA,NA,NA,256.2,88,174.6,74,NA,NA,303.8,75,0,Inf,0,Inf,0,Inf,0,Inf,0,Inf,361.1209572,87,430.08,28,45,48,48,48,48,73.3,429911.849739627,65,429911.849739627,"Below Normal",2,"goldenrod",NA,NA,NA,2726.53,2708.83,784.86,454.4,2708.03,2734.33
"67",2008,3,28960087.4423399,35237994.3762796,56809430.6337021,48231744.8541259,110660954.220197,41667588.8511017,7625724.13187709,1717249.75718327,1243348.52058774,2782732.40322019,10284659.9291513,9818098.41227591,4026080.92380793,14310740.8529592,840.74,57,NA,NA,1178.56,93,NA,NA,NA,NA,NA,NA,NA,NA,NA,NA,NA,NA,853.44,87,NA,NA,NA,NA,NA,NA,777.24,57,624.84,88,NA,NA,NA,NA,1000.76,87,NA,NA,NA,NA,NA,NA,NA,NA,NA,NA,NA,NA,NA,NA,371.4,95,NA,NA,NA,NA,277.8,78,127,29,NA,NA,398.8,96,0,Inf,0,Inf,0,Inf,0,Inf,0,Inf,386.894101,96,389.9,0,26,51,62,62,62,31.933325,1128114.92098191,64,1128114.92098191,"Dry",2,"orangered",NA,2727.73,2708.93,2727.73,2708.93,520.7,256.2,2708.83,2726.53
"68",2009,3,17813499.7607229,19665555.7034323,46492231.2804583,36510212.4610998,70456416.1666388,22658204.0906478,2696123.71052281,814292.971482131,516593.939634203,1337419.26166724,3524288.75227596,5580633.56052862,1854013.20130144,5378301.9535774,751.84,86,NA,NA,828.04,94,NA,NA,NA,NA,NA,NA,NA,NA,NA,NA,NA,NA,619.76,86,NA,NA,NA,NA,NA,NA,355.6,86,627.38,90,NA,NA,NA,NA,574.04,86,NA,NA,NA,NA,250.5,94,199.7,51,222.8,27,169.2,73,NA,NA,269.3,94,NA,NA,NA,NA,96.1,130,NA,NA,NA,NA,186.6,116,0,Inf,0,Inf,0,Inf,0,Inf,0,Inf,242.7592106,114,417.25,41,45,69,79,87,111,100.7344067,499785.981475136,70,499785.981475136,"Dry",3,"orangered",NA,2721.23,2689.88,2721.23,2689.88,1000.76,277.8,2708.93,2727.73
"69",2010,3,37799556.5586002,29924037.2989152,40106675.1239569,63373586.6367263,85138302.180112,118673481.581324,22183324.2247563,3062131.06723263,2654531.96544215,9581025.46531614,25542224.6260056,77431596.4739896,12235557.4307583,37777782.0567639,871.22,123,NA,NA,604.52,95,NA,NA,NA,NA,NA,NA,NA,NA,NA,NA,NA,NA,881.38,123,NA,NA,NA,NA,NA,NA,782.32,123,393.7,89,NA,NA,NA,NA,695.96,120,NA,NA,NA,NA,254.1,19,382,105,442.1,19,341.8,116,NA,NA,462.6,112,NA,NA,NA,NA,NA,NA,NA,NA,NA,NA,320.3,91,0,Inf,0,Inf,0,Inf,0,Inf,0,Inf,413.2722327,117,369.22,0,0,18,37,53,53,86.7962791,1873585.78722175,60,1873585.78722175,"Below Normal",4,"goldenrod",NA,NA,NA,2722.43,NA,574.04,96.1,2689.88,2721.23
"70",2011,3,77350859.5570683,36270448.283576,88585523.8753267,106575176.909332,91342811.9168505,115952892.138401,46218215.0775739,7240878.16121898,4524937.20745185,6921600.35339391,7538870.78185571,10257258.3088629,11446537.5608458,18985408.3427015,1031.24,117,NA,NA,1465.58,91,NA,NA,NA,NA,NA,NA,NA,NA,NA,NA,NA,NA,1005.84,89,NA,NA,NA,NA,NA,NA,731.52,89,993.14,89,NA,NA,NA,NA,990.6,89,NA,NA,NA,NA,NA,NA,546.6,88,472.2,17,511.7,80,NA,NA,516.8,86,NA,NA,NA,NA,NA,NA,NA,NA,NA,NA,468.9,90,0,Inf,0,Inf,0,Inf,0,Inf,0,Inf,539.0251584,87,355.71,0,0,0,0,34,40,49.1290433,4283460.42866002,66,4283460.42866002,"Above Normal",3,"green3",NA,2724.53,NA,2724.53,NA,695.96,NA,NA,2722.43
"71",2012,3,35010463.0649559,23726867.2818968,60173468.8387555,119838050.443583,86645391.2959759,30227412.38068,6260291.60661141,1309846.381252,893855.533248194,2267239.421544,10241110.9254786,76905583.2273812,3161094.9547922,13402205.8802708,792.48,94,NA,NA,1115.06,93,NA,NA,NA,NA,NA,NA,NA,NA,NA,NA,NA,NA,670.56,94,NA,NA,NA,NA,NA,NA,548.64,94,698.5,93,NA,NA,NA,NA,701.04,93,NA,NA,NA,NA,NA,NA,392.7,110,458.9,16,350.2,120,NA,NA,361.2,152,NA,NA,NA,NA,NA,NA,NA,NA,NA,NA,326.3,116,0,Inf,0,Inf,0,Inf,0,Inf,0,Inf,375.6957414,136,369.47,7,31,56,62,80,80,38.7722855,759245.073581256,66,759245.073581256,"Below Normal",3,"goldenrod",NA,2722.73,NA,2722.73,NA,990.6,NA,NA,2724.53
"72",2013,3,25877405.1598909,25931229.7711718,42594840.1090764,57195989.2056282,37961030.3924428,8666741.04551362,2234455.34012748,853266.883195949,849694.886265493,3436456.77295857,3703377.91344681,4111466.32988529,4286151.65922406,7989529.57267087,523.24,58,NA,NA,584.2,93,NA,NA,NA,NA,NA,NA,NA,NA,NA,NA,NA,NA,408.94,29,NA,NA,NA,NA,NA,NA,218.44,29,124.46,92,NA,NA,NA,NA,391.16,59,NA,NA,NA,NA,NA,NA,284.9,62,409.4,11,352.9,64,NA,NA,324.5,63,NA,NA,NA,NA,69.5,57,NA,NA,NA,NA,335.3,62,0,Inf,0,Inf,0,Inf,0,Inf,0,Inf,406.3196803,66,406.53,19,29,29,29,29,161,116.0277704,545072.052148256,63,545072.052148256,"Below Normal",1,"goldenrod",NA,NA,NA,2723.13,NA,701.04,NA,NA,2722.73
"73",2014,3,4514906.2571677,33440986.331471,64543048.6454649,22701753.0943205,9990092.51105064,3262260.7582678,734608.081054065,521193.497325476,514392.023718168,2241770.5941152,10815077.0075917,74610697.5282248,2756162.61783337,13571239.6254251,76.2,58,NA,NA,215.9,91,NA,NA,NA,NA,NA,NA,NA,NA,NA,NA,NA,NA,50.8,58,NA,NA,NA,NA,NA,NA,12.7,58,63.5,86,NA,NA,NA,NA,38.1,86,NA,NA,NA,NA,NA,NA,180.7,135,296.6,14,220.9,95,NA,NA,204,137,NA,NA,NA,NA,213.8,93,NA,NA,NA,NA,242.9,134,0,Inf,0,Inf,0,Inf,0,Inf,0,Inf,255.1095183,141,429.72,52,54,54,54,55,55,124.0961957,501816.637264369,44,501816.637264369,"Critical",2,"firebrick",NA,NA,NA,2720.33,NA,391.16,69.5,NA,2723.13
"74",2015,3,38665643.485574,153099213.641911,44167986.7024214,18606189.4904955,11780250.1507871,5537329.21417993,793007.784293793,535530.416512104,528043.902397585,475638.303595953,568510.223787828,23390463.4613914,1003682.20599354,1572192.42978137,177.8,61,NA,NA,12.7,91,NA,NA,NA,NA,NA,NA,NA,NA,NA,NA,NA,NA,114.3,61,NA,NA,NA,NA,NA,NA,0,28,0,92,NA,NA,NA,NA,12.7,61,NA,NA,NA,NA,NA,NA,77.9,24,520.6,23,363.3,81,NA,NA,507,124,NA,NA,NA,NA,267.8,58,NA,NA,NA,NA,382.4,80,0,Inf,0,Inf,0,Inf,0,Inf,0,Inf,471.5329281,108,406.78,89,92,98,98,98,98,66.1351212,459564.317408898,107,459564.317408898,"Dry",4,"orangered",NA,2724.43,NA,2724.43,NA,38.1,213.8,NA,2720.33
"75",2016,3,93033394.0257173,95147233.3051109,175296972.648784,111128249.709045,72995959.1897991,26371612.9543788,5997040.32598323,1062326.56655727,737397.17454771,22494283.6835652,37750625.0937995,82897241.0922364,23231680.8581129,60982305.9519124,698.5,62,NA,NA,1168.4,85,NA,NA,NA,NA,NA,NA,NA,NA,NA,NA,NA,NA,673.1,88,NA,NA,NA,NA,NA,NA,584.2,27,673.1,91,NA,NA,NA,NA,774.7,91,NA,NA,NA,NA,NA,NA,NA,NA,784.3,42,466.6,104,NA,NA,536.1,109,NA,NA,NA,NA,299.6,72,NA,NA,NA,NA,507.1,110,0,Inf,0,Inf,0,Inf,0,Inf,0,Inf,556.2953545,110,374.06,3,41,44,44,45,45,74.797861,670679.12229185,70,670679.12229185,"Above Normal",5,"green3",NA,2727.03,NA,2727.03,NA,12.7,267.8,NA,2724.43
"76",2017,3,115160202.408629,263128951.966178,177303162.705615,121790415.889134,148849515.923964,74255944.4084192,14537293.5349868,3728822.27514321,3841364.644185,4973394.08235098,23316087.6348942,14236609.6837861,8814758.72653597,32130846.3614302,1016,116,NA,NA,NA,NA,NA,NA,NA,NA,NA,NA,NA,NA,NA,NA,NA,NA,812.8,60,NA,NA,NA,NA,NA,NA,393.7,60,762,87,NA,NA,NA,NA,825.5,87,NA,NA,NA,NA,NA,NA,NA,NA,1088.6,47,604.2,94,NA,NA,677.7,100,NA,NA,NA,NA,495.6,68,NA,NA,NA,NA,609.6,98,0,Inf,0,Inf,0,Inf,0,Inf,0,Inf,741.8753369,101,319.44,0,0,2,13,53,70,37.2746419,3130879.77527772,60,3130879.77527772,"Wet",3,"dodgerblue",NA,NA,NA,2735.83,NA,774.7,299.6,NA,2727.03
"77",2018,3,22146380.9688317,22427736.8914361,29229210.4987441,67182901.1714668,34910153.5621144,7085765.41780052,1350263.77117744,467491.214706624,596939.404837079,951888.250501916,2755820.09757976,13641113.7571606,1548827.65533899,4304647.75291876,241.3,92,NA,NA,622.3,88,NA,NA,NA,NA,NA,NA,NA,NA,NA,NA,NA,NA,177.8,92,NA,NA,NA,NA,NA,NA,114.3,92,342.9,87,NA,NA,NA,NA,355.6,87,NA,NA,NA,NA,NA,NA,NA,NA,348.4,26,206.1,104,NA,NA,230.2,115,NA,NA,NA,NA,128.5,78,NA,NA,NA,NA,231.6,111,0,Inf,0,Inf,0,Inf,0,Inf,0,Inf,242.8629701,116,363.34,40,63,82,85,88,90,111.5294648,438523.787544564,51,438523.787544564,"Below Normal",NA,"goldenrod",NA,NA,NA,2733.33,NA,825.5,495.6,NA,2735.83
"78",2019,3,51886925.2747439,58458420.9974883,74906732.8902695,145328897.031548,98614027.586246,48530226.7894106,6922089.66804192,1444065.38920053,1774499.57100018,3713653.52105497,4121986.59481746,10978018.7853783,5488153.09205515,9610139.68687261,1193.8,59,NA,NA,1092.2,85,NA,NA,NA,NA,NA,NA,NA,NA,NA,NA,NA,NA,1041.4,87,NA,NA,NA,NA,NA,NA,1016,59,736.6,88,NA,NA,NA,NA,838.2,85,NA,NA,NA,NA,NA,NA,NA,NA,545.3,41,274.5,108,NA,NA,77.8,52,NA,NA,NA,NA,226.3,76,NA,NA,NA,NA,413.7,133,0,Inf,0,Inf,0,Inf,0,Inf,0,Inf,394.0962672,113,357.3,0,14,28,48,97,98,78.4747426,1069495.02615058,61,1069495.02615058,NA,NA,NA,NA,2725.93,NA,2725.93,NA,355.6,128.5,NA,2733.33
"79",2020,3,22305408.2294342,22244243.8984332,15217685.5530416,23171495.156408,32693558.2066392,13520253.0391027,1366411.1545617,704074.84701838,463478.83459296,540937.34337259,932144.404454802,3989015.33922134,1004416.17796555,1936560.58242035,393.7,30,NA,NA,457.2,86,NA,NA,NA,NA,NA,NA,NA,NA,NA,NA,NA,NA,393.7,30,NA,NA,NA,NA,NA,NA,279.4,30,419.1,93,NA,NA,NA,NA,381,30,NA,NA,NA,NA,NA,NA,NA,NA,189,17,113.6,67,NA,NA,NA,NA,NA,NA,NA,NA,97.7,69,NA,NA,NA,NA,155.9,84,0,Inf,0,Inf,0,Inf,0,Inf,0,Inf,152.8794967,96,410.36,75,76,107,107,107,107,93.2915134,452640.515139588,65,452640.515139588,NA,NA,NA,NA,2718.33,NA,2718.33,NA,838.2,226.3,NA,2725.93
"80",2021,3,26167568.7461595,23061399.3606062,19570139.3470708,26939217.9460678,26065791.2993739,5775380.79043571,629454.363197195,682667.331168041,695903.292396651,4897232.25738857,13267766.6807307,8997028.43291887,5593135.54978522,18860902.2305159,520.7,84,NA,NA,749.3,85,NA,NA,NA,NA,NA,NA,NA,NA,NA,NA,NA,NA,482.6,84,NA,NA,NA,NA,NA,NA,393.7,84,431.8,88,NA,NA,NA,NA,457.2,56,NA,NA,NA,NA,NA,NA,NA,NA,382.8,22,205.4,86,249.1,104,NA,NA,NA,NA,NA,NA,123,50,NA,NA,NA,NA,242.4,93,0,Inf,0,Inf,0,Inf,0,Inf,0,Inf,242.2655641,97,411.59,9,53,53,53,54,54,NA,NA,NA,NA,NA,NA,NA,NA,NA,NA,2723.43,NA,381,97.7,NA,2718.33
