<?xml version="1.0" encoding="UTF-8"?>
<metadata xml:lang="en"><Esri><CreaDate>20210127</CreaDate><CreaTime>15301600</CreaTime><ArcGISFormat>1.0</ArcGISFormat><SyncOnce>TRUE</SyncOnce><DataProperties><itemProps><itemLocation><linkage Sync="TRUE">file://\\DESKTOP-B62R8DL\F$\Westside_Planning\Westside_Products\StreamConnectivityatBaseFlow\Stream_FlowAverageWY</linkage><protocol Sync="TRUE">Local Area Network</protocol></itemLocation></itemProps><copyHistory><copy source="F:\Westside_Planning\Westside_Products\Stream_FlowAverageWY" dest="\\DESKTOP-B62R8DL\F$\Westside_Planning\Westside_Products\StreamConnectivityatBaseFlow\Stream_FlowAverageWY" date="20210127" time="15301600"></copy></copyHistory></DataProperties></Esri></metadata>
